{"cameraMode":{"drawMode":0,"name":"Shaded","section":"Shading Mode"},"sceneLighting":true,"audioPlay":false,"sceneViewState":{"showFog":true,"showMaterialUpdate":false,"showSkybox":true,"showFlares":true,"showImageEffects":true,"showParticleSystems":true},"in2DMode":false,"pivot":{"x":8.000322341918946,"y":11.174395561218262,"z":4.578596591949463},"rotation":{"x":-0.19501841068267823,"y":0.7746598124504089,"z":-0.2852420210838318,"w":-0.5296310186386108},"size":8.391596794128418,"orthographic":false}